0.02529665184706116,0.02195112776026963,0.02703887334472471,0.015036555390176497,0.018463750530603912,0.024292165538593716,0.018853568310458684,0.029091286916209415,0.051328121124781176
0.005402461984009992,0.012832744717548571,0.002202445127213996,0.021068017446635296,0.005704584426595453,0.005826457726292848,0.007117073127030671,0.016613453821323086,0.016170877592014868
0.006944468894862982,0.010809185414806641,0.004660494057221816,0.02319552428290698,0.003015674185078479,0.004187320150950676,0.011274886103648879,0.020014380612174136,0.026696765765003284
0.02041555812935734,0.02310998781980922,0.018838869461025132,0.013603163905165399,0.025018400084987104,0.014404406005911665,0.015649014111718654,0.00407320088519725,0.013527352084934444
0.026800825611865923,0.033735722208016725,0.02790928300060421,0.029381974955938313,0.028511616073317828,0.039084533616303,0.04069872108165283,0.045481452259894806,0.01715250959886381
0.002762821371285069,0.0035877525910457224,0.0030219233316963767,0.011681253025705211,0.020467114465996236,0.005687647119345465,0.002325532435787428,0.013444915603808442,0.029657304828133623
0.0024913456245741574,0.003836774712199936,0.004009361892932281,0.004428109354702784,0.0055298579342408375,0.005113964134686885,0.0023090694466817727,0.006471707153514759,0.0147257136683337
0.004868639642852831,0.0019090724289015982,0.0025240139958482553,0.027704550411951755,0.007825817725731701,0.013743474743929425,0.007941419474264364,0.006350899670651745,0.004500119012071298
0.008874195549082697,0.015068518946462975,0.004229924027349984,0.015977139415112012,0.005058462713465366,0.006015690311168233,0.0015177963594055531,0.013506240821307957,0.005556765224666098
0.0043145823870810686,0.004496142918671929,0.005463117401342521,0.0077666789589973815,0.005269299059100493,0.008453871516168696,0.0116866340236869,0.0012710522927101475,0.0009171062081621833
0.006940475059920576,0.005909534938447785,0.0051975332328321995,0.014602552200090492,0.011037388230222732,0.003362719741323855,0.00965498173681257,0.0451154025388869,0.00875701787217613
0.017502451406449515,0.014934149978999717,0.013327832876959295,0.005152006117727978,0.007764217374975463,0.005826045999409135,0.019252379679266567,0.015187652449448509,0.011205942690727935
0.01338254369892387,0.01706348865513343,0.01666506194420837,0.005086678586829663,0.006946376398203246,0.004267867115392111,0.008959119730132756,0.040834148742453044,0.019809807779496126
0.003688556839575637,0.002944254257992172,0.004128480120906383,0.007118916400471775,0.00514183349416601,0.006728333538830724,0.016779216205443207,0.01490478156047429,0.0062634354388298365
0.006784800223878208,0.005055914187397044,0.004585693118005191,0.002760609191304989,0.00204343782902911,0.0015289171148195131,0.01441784353013635,0.00532992511538904,0.027235689561167977
0.003203057801040186,0.0020678591997921416,0.003856047297051578,0.006745558315708648,0.002131293650266917,0.00014393744081814396,0.011383002582313707,0.027302857504080288,0.02680932266124575
0.005555864912345435,0.007719493709368433,0.008601695218402436,0.000557930800850518,0.005979162001121972,0.01393122069465887,0.01145064876552223,0.00564185101958668,0.004426112986504761
0.003273716518993823,0.0011265126540698468,0.003383954964726792,0.002297674878974759,0.004077279088749266,0.005174040754507649,0.021452143160082465,0.005523449763561469,0.0034343440560759366
0.005510704075146692,0.004550988276287146,0.0042028546389151385,0.0034739913757409245,0.003888661596504913,0.0070558767741895016,0.005645477920178921,0.005627464139099959,0.0044242959776078904
0.006278646474750886,0.006008022116431125,0.007296986220412845,0.0030671180290871547,0.0037085712472615076,0.004309007925546445,0.007785301207600829,0.02539557948621148,0.00991913277777585
0.005809591029148359,0.004412056355855482,0.00479068213858821,0.01229559661370516,0.004923525278435928,0.008263012512934391,0.0036338944272070366,0.029031300315149413,0.04836702445483909
0.006053827961204589,0.006078810620773697,0.005186297129782427,0.0012537817664497555,0.008498661488716653,0.009016435954674096,0.01148789578925129,0.008424485836038196,0.025580768774637205
0.01204434110945947,0.012629244123637008,0.010491957341001898,0.0009717809376255178,0.007620755913141224,0.004787287874411277,0.01020304730624321,0.023415571622508662,0.030351610753037668
0.01426101668013935,0.011504154104407437,0.00974755146876322,0.011130004089144137,0.0012709185191216881,0.006733895983304054,0.011587273660508447,0.01790644912194459,0.024842033453230647
0.0037597921326297935,0.0024739308667386896,0.0015800369663677653,0.0029884555610917678,0.0025403189860448167,0.0010382080881963522,0.002654471846457742,0.03704340060849613,0.013202037708707334
0.007991538229022927,0.004714591467048708,0.0023154600464439603,0.013602891846747196,0.002541148994327202,0.007911498359429362,0.005494323843151956,0.022529841889798376,0.009089933521002968
0.005264016271685366,0.004470357496645585,0.004670024581057172,0.0006039863418786875,0.0007056332265238121,0.0041683634388675495,0.0007239501561727194,0.016837776237789932,0.005578525309490798
0.016136445489908134,0.015617999774476999,0.012264846722391759,0.0022486516046417307,0.010806190731670355,0.011080262040902225,0.004980496165140548,0.032929737132711696,0.032784559901898755
0.005290611225049927,0.0065176149935813055,0.011299444976427589,0.01408695112421813,0.018956032564850057,0.027165768013283725,0.03167221850255045,0.06767713700317178,0.030146759819542616
0.02798236462823732,0.030416995635952192,0.025138910479995325,0.007562423855711807,0.033852844393161746,0.0032058045928272305,0.004221904258570727,0.016511484196067162,0.003934321802375861
0.0026031549479997086,0.001168032451575752,0.0011555285741990282,0.0037345164009382416,0.02595854380499929,0.004648155874241975,0.007506747662026235,0.0019481116455638639,0.021225290905381552
0.010994604427031719,0.010235957484913245,0.008398470151475561,0.01179328721573986,0.003290511961909437,0.0015508861319189276,0.0058813118205859344,0.01996717181096731,0.015527312734896787
0.02756713373722816,0.026669391756764423,0.025549016583246917,0.013212096719647072,0.002642592242827492,0.004757121803214205,0.019496249821472966,0.007433524981300953,0.013973119127137269
0.003708604485397292,0.005065878161086032,0.0016959603974620412,0.010902621420417707,0.005077325488341892,0.015040433287634094,0.0013693348628795981,0.020582197279237636,0.011322937404695026
0.005420968792024907,0.004642179481542752,0.0040826090123455665,0.005887252710329363,0.0024538963449326247,0.006747631640567821,0.0021577228682186553,0.005360053053008438,0.003100761133177522
0.005250393747057039,0.005849301318871771,0.008384051905933903,0.008316795246043727,0.0023592160936985016,0.0028767716748739256,0.015662413175029775,0.014701556555094787,0.005908850868342357
0.0022516466337983636,0.0028359237091131716,0.006652545371844996,0.0028454868784592714,0.0043696407415531645,0.0034743329533243814,0.007072230781860551,0.009533426355604672,0.012643750736034727
0.01545161629141849,0.017003471438966255,0.01946654516343347,0.013386058397234349,0.009138873861599079,0.00293992557644496,0.015703340849159184,0.049777822383504054,0.016641506412590896
0.010319169171611154,0.010459718041044263,0.01007093713327309,0.01768315221995113,0.0033137856429622326,0.0164967855347443,0.016864622753867606,0.022513714436656257,0.0012107796699808429
0.002814359728486058,0.0024338274986181363,0.00252283115942803,0.008734595162494734,0.01065900008845703,0.002738433186576584,0.015580986406563578,0.015782137803683004,0.002087150575879935
0.01034583043459873,0.009715204367741356,0.012252950869396591,0.004133188080091661,0.001959530884360198,0.005645713534141864,0.011960912487148317,0.00043763271227019793,0.004021783458822068
0.0012674410433997747,0.001164138969460847,0.0043622413439421024,0.005673584472340008,0.0069245784577451,0.004302625678558337,0.0023683392550100514,0.013216780809940295,0.003000710717295813
0.00932794778357405,0.008858388252515998,0.008153762335892736,0.0028789590127618107,0.004716898589662477,0.008646869046790915,0.0056128978998319186,0.011193002156967611,0.005608350795046014
0.01299857797104043,0.010464392095626263,0.009854516277122211,0.005690471843499347,0.006458294403349266,0.01303741269668758,0.02246628179967238,0.021969433318653708,0.004172936962046109
0.003895896624461962,0.0025781381692914535,0.002761533942180462,0.0037612319342976708,0.004817640192007928,0.0065779836659593865,0.015662308183521805,0.02173992868863637,0.007550472387932687
0.012595630336232152,0.00673822715320054,0.006967334921290112,0.008290042875493675,0.009284216814269657,0.004531210810434498,0.009870192355362703,0.014353561982400686,0.005479264551740554
0.015666162651049535,0.009985150447870458,0.009363986075299749,0.003798436171431252,0.008526548367416025,0.015319181960352079,0.005869120663576225,0.015595804451449318,0.00321203373577674
0.0057054166009727,0.0037463416564399664,0.0043441226234800095,0.004931869382973495,0.014381691211175884,0.005575267683261995,0.014041964590579818,0.00854268479001783,0.017284245587648756
0.0019570253371292306,0.004090372425134725,0.00486429313143519,0.005969823631113916,0.001769502993257897,0.012138897012893501,0.005634811692261635,0.03696956710149277,0.012089976144838643
0.011627275805345979,0.0071358287932182145,0.003254909001050848,0.011932274513114717,0.006549305707950247,0.0028733380405548572,0.013778603272986528,0.026544888364258373,0.014812368881607028
0.0037043391775780773,0.002066953928280017,0.0037422751089575697,0.0022691846277141515,0.0024824338775321264,0.008668656189154933,0.021890507804472995,0.024805660946218853,0.010870855205097644
0.0026539554515921894,0.0013659733068207068,0.0031078901354070947,0.0007599726270763644,0.0032049202876438393,0.00524431750955395,0.0024388148879434207,0.002913603801988684,0.013834195275874145
0.005547330809062818,0.004882680968376411,0.0014631154556490587,0.003783031064543937,0.005437931306238819,0.005639239751647512,0.008899602194272263,0.011224434147270321,0.00603032705573353
0.013593817205623544,0.013754989283460523,0.01269927612472914,0.0028913115510218984,0.002944627806553095,0.010990190347693576,0.010602537790079029,0.01620271725192747,0.012090295473096622
0.0015278292324967648,0.0016223453122731753,0.0021642654128946437,0.004364680327703896,0.005272721243762651,0.005737083671756095,0.011290455920349204,0.014624184776894257,0.012625342237049706
0.01005956935415968,0.017603368061529925,0.008067077025022828,0.002648119555186461,0.004321826594547485,0.007581447014608175,0.003320391532935759,0.004298146103058367,0.010145711005132254
0.00471136926377212,0.007094028670564197,0.006221756175613987,0.008309808577731566,0.008038033542192437,0.012150001578983254,0.010614550736494395,0.008708543074640107,0.019004371583577043
0.03665912384217013,0.04340161132812646,0.021643065979338443,0.021520908982765603,0.019954562611454847,0.02577530017336426,0.028348634591612843,0.09933089052927901,0.06518876295691728
0.00837720496929625,0.008291297180974516,0.002380606852222022,0.00532539171737147,0.007810469063605146,0.0008004692492495876,0.006363079137610188,0.03511483911569265,0.026784247130670978
0.005637196610779202,0.006728161318501071,0.0055986767505592965,0.007145818379888558,0.005514379023291367,0.0024942593243599182,0.006454832015781803,0.004179143301131483,0.010855670118143618
0.017048053149430947,0.021819369794337712,0.020613568024043395,0.012255494549810604,0.016140759629754555,0.0031127989884177456,0.007463398836587788,0.02462128806013258,0.0110828209091756
0.006843300746741837,0.0027098672739452236,0.0008899637366175609,0.0021893794954768483,0.0035623930823256177,0.005436895972274887,0.010493186774102882,0.03576843412953953,0.011439586948540437
0.010612468747204649,0.009426155419838622,0.007348972655277013,0.011040995425136771,0.02452076226132887,0.027723763422444637,0.027812861728884034,0.02572203199291287,0.03628374846722243
0.00890002675625752,0.01365382247462148,0.010689826782781797,0.009386247673896966,0.003245891717479853,0.005820134375178838,0.002932796665846281,0.03526016078581823,0.027347831589963466
0.009440334715489145,0.006136600844412337,0.006080660251766038,0.008167675564570657,0.013051265865437985,0.004318546464720471,0.020562689816555856,0.027026631305537535,0.023275966787017974
0.00858356654839047,0.00836250181432305,0.007712077719564639,0.010916116663130387,0.0070524175641027845,0.005131974942396495,0.018319590200779265,0.010326468838185495,0.020717360914245298
0.0109972438281325,0.010853098121474312,0.010909844691393493,0.029161002176301125,0.01030953411432324,0.023987476911007076,0.030118232808601653,0.045237598549433905,0.030242472900403692
0.009113573633517337,0.0115862197418959,0.010067307071486247,0.0016467519330932304,0.005888586380607462,0.009342142179003553,0.00545828694939252,0.0061870385694260425,0.011201273549734025
0.013343656907585523,0.008588780830911727,0.0016850675215336333,0.0014886933138608678,0.0022076724620170604,0.004625475034595016,0.0017973978743730694,0.026246765728008773,0.00703286219783502
0.00784148252514259,0.007299864629691273,0.007015252990252302,0.0027438625275734256,0.0051807064239325845,0.0073105064539795254,0.008823175353970097,0.005957103495176351,0.004107617880896187
0.009791860558682279,0.015081426468027815,0.008260946344195563,0.007549004459002947,0.012439902184119753,0.015118335334450412,0.012332566082748277,0.040944663858875664,0.012737348217547158
0.012821338701067135,0.017391862372865892,0.004284573584894226,0.014920394922441902,0.008889541689895683,0.011558018357693297,0.018708772257066214,0.053400521028178646,0.01868613261448078
0.005429683020868643,0.007687916616194261,0.008479376828068515,0.006036653300489937,0.0016593383321251202,0.007508826362311474,0.013021306365802178,0.026091847680902912,0.010906050017504472
0.01019490044645876,0.01121506294590172,0.009066434602235362,0.016112005245605975,0.005322192470441679,0.009129331164979444,0.024922083725158056,0.019503988153306978,0.01189457337487467
0.0082020194917387,0.016203995963567194,0.00789787969364335,0.017656916526221776,0.014939195463953033,0.015612901332077139,0.019858664955722805,0.0665528452268614,0.00894834065132345
0.008617291214338168,0.00932439675953779,0.006025589107055937,0.0015442103105039414,0.007078250255040751,0.006982001420870854,0.0048154270192922125,0.015679829997174634,0.006360810663224482
0.012290360954158152,0.011211458474050789,0.007969567260185871,0.0139016693824562,0.015204042008193407,0.013471891053261064,0.01956320583471593,0.0038063492763970993,0.009692740901525332
0.007691761830270459,0.006668859149843924,0.006370829382821972,0.00810932380112842,0.005072599631237371,0.010731181977806249,0.002112436785021819,0.039464428045046386,0.020887039699460798
0.009651384119007506,0.01112365427469012,0.011965887879074513,0.010112443701206855,0.00580184396057574,0.00255254173791233,0.016177122596495213,0.032262205260737184,0.009623640229281315
0.015315007597501398,0.019430503257132522,0.016662810184884098,0.014176933034789329,0.006448905650146021,0.02397500675191162,0.008437899697899395,0.00452131190056945,0.012921293372383777
0.005736387746920413,0.011307311553800171,0.0049923989004988815,0.0037807615205110766,0.0061506893096520115,0.01495319850825386,0.006403405616755553,0.01668953237453122,0.010791095310848526
0.0029826100306706085,0.011577739109632787,0.010885299456748224,0.012560402448992813,0.01636534498053982,0.014890343629279268,0.015957072121660625,0.04268037521225636,0.00495769945737564
0.01499567192474775,0.012169356391865808,0.012425946942226825,0.016078295123454947,0.009817051424596088,0.01108171210052102,0.013584988791485482,0.010277831368001583,0.015287875009365029
0.005307145238005672,0.006271658299494557,0.008748587461651455,0.011558143761260575,0.00512188185367191,0.0046391201734040915,0.014877782279794602,0.008938890539061767,0.0021093535037746513
0.013279946580744703,0.005930178901009991,0.013023779419072387,0.006545367594508938,0.011664831693658664,0.005599643633642897,0.007151713241798411,0.03290425795128535,0.017189402779953778
0.02147131912593953,0.017299180420368532,0.009762808161759257,0.0114511039255328,0.00969470564776768,0.009127927015352949,0.019824456203025455,0.017937347144279817,0.022372259045592445
0.012812980872869778,0.013950496280154115,0.01347254745394727,0.012948630319065083,0.01350596920497769,0.004177076470608484,0.008515791061491742,0.007594109659138423,0.0022881848760950203
0.010299235068753018,0.01128456999713975,0.00980676351345572,0.00411021460914532,0.006921331083057758,0.003471313794550783,0.010325864507533748,0.014824529878269566,0.023347512121358587
0.0059587961011283355,0.005209251724398621,0.00438705517833331,0.007666386240939302,0.014459203777563113,0.010792456137907473,0.004408059738704536,0.02353930162895238,0.029434493732361258
0.012740932492878967,0.023188864314034507,0.019461833080349853,0.0021787510202167138,0.0016379033488229742,0.0020879198091446178,0.01703133385022994,0.019258061984901532,0.03219573303725221
0.011067185845497622,0.008246297658908526,0.009663757350864562,0.012181615691895478,0.006459768633839504,0.008391082226179822,0.007993655291049648,0.020187061594068273,0.026533233111901176
0.008130482181056397,0.01681025019924823,0.003245153002444557,0.01145644505782691,0.0035187667102632163,0.007825909864722988,0.00756146124648357,0.02402045351172871,0.010470545974011045
0.010208354977643996,0.009094086638258185,0.011020235638559984,0.0187139442618554,0.015176371164324378,0.009179982291146707,0.02190058273873852,0.008476982519204375,0.022176599261702252
0.008261363034573636,0.011247006454255453,0.011911204116685855,0.012861156354636359,0.004369436333397022,0.013181585352600552,0.0006439466794551774,0.00860632141753121,0.0035748504275602867
0.01259690445093777,0.01231510951193473,0.013494829598315024,0.0037210699823011866,0.006358650610970232,0.01173184686449126,0.025466006317016093,0.05808018137244256,0.02976269475746422
0.005053663566555814,0.013552317454844151,0.01349305284629177,0.007561393567261784,0.014372276439305331,0.01717854298478579,0.020947711487365215,0.025935786681000255,0.008577347604976426
0.009524330064264213,0.00762759114440069,0.00954230685742811,0.006093967767074345,0.008959071739502368,0.01119832558148978,0.015991322213037503,0.006710797456964935,0.018435061760913588
0.003915896646353045,0.0032492050680363134,0.003998517929302686,0.006430811884442373,0.007455062479141398,0.006637340150531131,0.012324656476428143,0.002669523318227967,0.015539994464730249
0.007865688827939988,0.012266478386726834,0.014799437578178441,0.009002389424491709,0.01158214456058705,0.005333382805679905,0.007454886971812678,0.006700075904245073,0.02412747352095262
0.01382251084137707,0.012368981359002194,0.011390124665207115,0.010603193817325784,0.006856570117868513,0.009774106524609775,0.008928634090785257,0.02095676741433359,0.02080893886346888
0.0030337823421874616,0.0024389736783682232,0.004778569394363532,0.011236752829547846,0.008780400616436061,0.013374487239417471,0.0011818027343712843,0.005346841998300873,0.004864004733647815
0.004299240554716768,0.00437024411011978,0.003599046662530316,0.002335270989582696,0.003992871968090958,0.010408646899281773,0.007203420408389547,0.012681277946800682,0.009044033252751426
0.004053177569027097,0.006272104144543873,0.00746837622673549,0.00596112513583151,0.004971335088788059,0.004650246751365612,0.02710838819182666,0.011190502254655075,0.01853227912336606
0.012290740991260818,0.01588928936619356,0.013160992904348554,0.006144864861554266,0.0044174871397439225,0.00328230443223563,0.011104739206103652,0.016734630675861322,0.016724291316085407
0.007350736054244932,0.008612369666857573,0.00994313374535628,0.0036423637856094725,0.0028216785246128837,0.0018484985863068525,0.01602757373650567,0.004905274951232878,0.009554941256391508
0.004342139831196649,0.006447473343217216,0.012224048803275598,0.010070222058814585,0.002501208816429313,0.0015561850355249435,0.020418710022063018,0.004342437270134998,0.0036669138440931968
0.007172502821153828,0.00589344215240971,0.003105828296385323,0.0036654905776705746,0.005251971178309359,0.005967792574400217,0.010207535962407501,0.010214044625371309,0.013046865474357598
0.0029045715355264633,0.002470160242918925,0.0008654056601898754,0.004762606150015265,0.0009746400044443994,0.004753255167098198,0.01816833346359377,0.010427860382550972,0.003428488491692693
0.010853591076811182,0.013985699297580393,0.015726440323881687,0.004500127427413715,0.016359317397062104,0.022091896369378687,0.021845218981769658,0.01907418127749261,0.02068428360949312
0.007399858456656929,0.006460033806519555,0.006475790825074783,0.007167989811985105,0.007441955931542514,0.004337633508383661,0.018652808815817806,0.018739388969458294,0.000932154503481256
0.005933119558313953,0.003217689692713251,0.0021182233417533594,0.0002321575544431849,0.005650093029025839,0.0047417063949660885,0.0047083178822064035,0.020910903297089306,0.0135191953615327
0.0029467500504270984,0.004836869365023736,0.005814351234129601,0.009429893837878222,0.002613162370615948,0.0073593788371795225,0.007838196282178522,0.010764290491699085,0.006800392320688839
0.021019503729383257,0.023481991885461805,0.013849700683823027,0.007592657554601026,0.009161467337497682,0.013777300640020373,0.012372553880425333,0.042526302997413716,0.02040037782946119
0.02276308216512078,0.02229420173362843,0.022884960140863834,0.00606465571592459,0.005688321618786069,0.011559777099630157,0.015848660656440198,0.007296586054764731,0.014079204640701629
0.0050217861510816345,0.004414185134782006,0.0043434566238317665,0.00702568425657427,0.011312780446306632,0.004815764461408778,0.010486029108080015,0.031992294167237666,0.003645212366917609
0.021678324592559004,0.024232632951906915,0.01913777523367678,0.008793458126031675,0.01206449556025848,0.0013764750213544948,0.011487256705400623,0.018356144403979067,0.00565796172054076
0.005511582611434412,0.01245435358575847,0.008478317314259938,0.009192760663406808,0.020911185946743918,0.01376672466152521,0.008097394073777124,0.02242805166620332,0.00018701293865086522
0.0035372119477840463,0.001799838795098645,0.0011222291847060297,0.005029886725848295,0.005669361253945681,0.00714255687839387,0.0038531347767371484,0.0025269198909344944,0.010054446885002753
0.004064161879979671,0.01053154042326636,0.016017048833021037,0.004906410540949326,0.006113641505014884,0.008559459042393561,0.003954353865157455,0.027528371498001847,0.01663470135013839
0.004197350366941351,0.004768555916456356,0.005307056010431428,0.012304577417373954,0.01008403845807503,0.005831221152166301,0.010201499354125938,0.031093450361136886,0.011121938492432488
0.0025021835489164985,0.0015938439402161469,0.006014722760687706,0.012186980028288365,0.006134038655976302,0.018753890603256468,0.014995418292229962,0.014827740675665268,0.014209703155975353
0.006382101757485417,0.004959797514795376,0.0022445644205421685,0.004229179240412306,0.005549768970267597,0.017606684754491998,0.020288949545875238,0.008187700893802378,0.009399430130902496
0.006467421914111268,0.009019902448683382,0.012136310931942873,0.00989617004275271,0.010262402044750292,0.003596107390026882,0.03650321726388034,0.015044791339551236,0.014333809248500876
0.012941600510854861,0.007354624653883964,0.010203160288928583,0.00699374982509712,0.016171946991834014,0.005637081853038045,0.028116726429834527,0.009150811881476564,0.009042501505633814
0.00878552571785886,0.008569231268567014,0.010153186315575172,0.006899210338622332,0.0013867190984764193,0.004660578342791887,0.027649522108440218,0.001948384368719321,0.013935824851454068
0.011541247280999554,0.007071360122105949,0.005362005316266965,0.007746782336498729,0.012074028416584918,0.006934129498207401,0.006395432088826136,0.007624060282869579,0.01095262749460765
0.020973962891701108,0.01483588834830332,0.013239698947675632,0.008887833753193953,0.00810582710397174,0.0026105843161078,0.04819830354010244,0.012693362528080633,0.0035934332518084335
0.019558927441213125,0.018192018276265567,0.013455511498981155,0.004831561056369597,0.007194338743289331,0.005483010650914175,0.015703535142277,0.014430395805225564,0.003194347084663064
0.02195535122426479,0.02120064200853675,0.014562677774690645,0.004281453099368454,0.009581965131248914,0.006611479527302872,0.02491659389968843,0.004786303145736373,0.008922856707608418
0.0006335070809680564,0.0019447262683459107,0.0012753826710295985,0.008822484656824304,0.009826787909022154,0.007440276722237172,0.02352156726154849,0.0030320423036141633,0.024963829703834244
0.01016740183907537,0.008824007839657684,0.009887550272822536,0.011123578313302832,0.006412553692574366,0.0038400348033802638,0.01909708669673192,0.04433967788850709,0.02431798875667547
0.017611224805869394,0.013182203104891299,0.01694602791125027,0.018050776596895312,0.0062567361156072145,0.007255326375669804,0.040309250123013306,0.022398104875930292,0.002179692192333114
0.014519482338200263,0.02196238138468964,0.004124186377185397,0.012298103508507855,0.020011462181287146,0.0033361696050473563,0.0061248580064232686,0.026695148241392897,0.017552615903734418
0.006787347309956082,0.004053234080050215,0.005733637265257864,0.011546970893138856,0.0034481996235136564,0.01801852974413715,0.014175754659912825,0.020551052271222062,0.010268745286821195
0.013051353705424935,0.011736073036844792,0.0014092028555223218,0.01101071048032106,0.006868672825610619,0.001040488433344675,0.00971059479307077,0.015691793912673196,0.007782950217676264
0.0055140116987269965,0.006092234169485715,0.005722074013528708,0.009872002914218194,0.01309604810750358,0.011537292838329912,0.02327274552481814,0.03995446422045823,0.016479220962892744
0.007051695266524884,0.010471798140218444,0.007061971019242348,0.002109352091404144,0.011135736837401091,0.004671738689242379,0.004183371758248811,0.0021761167944906535,0.013446240162443862
0.014349074056819932,0.010638388508625602,0.004018874809185954,0.005794146069387721,0.008793860275558426,0.005981489567802776,0.0269224253671451,0.005893170424096217,0.005199857297856683
0.020534882063435324,0.019617280359409833,0.009060723179217151,0.013642655792683011,0.007991377060410199,0.015441446148454713,0.011837518724948481,0.036721816352815524,0.00694219646817227
0.014237408640371516,0.013454207219219878,0.00871086320119305,0.004216373305165979,0.003775772481024677,0.007022061443068097,0.011676100107725065,0.027816600245238635,0.009597770239423868
0.019300770815731342,0.021092111170359938,0.0205881470116926,0.014330366307444886,0.024697605242162062,0.035562110650507406,0.0701579765904657,0.0881850546522564,0.04349830930590852
0.017544530614341244,0.014426257903017608,0.010413907084254964,0.011624095257958501,0.012736868354718388,0.008947905719269681,0.006655699366879127,0.01524839309937388,0.009756299123795466
0.023939211525998382,0.03441282113640872,0.016692826274224734,0.011729654069356943,0.006433347352322429,0.005256917576952007,0.027656660121739642,0.018553399690210203,0.01516492545563974
0.005584180085928955,0.005529251746325148,0.005239420859029924,0.010766885361957934,0.01565895936254921,0.009000905750700583,0.009181533336775136,0.022849622555517687,0.007447854677987569
0.009143974376442184,0.010038641543704832,0.011870190545363434,0.00865674714704218,0.017998464012930773,0.004930794698553914,0.010419570776969488,0.0011127621645368206,0.015523508891757628
0.009747580671099697,0.008712107756604422,0.014687819280738142,0.011145615334201144,0.02729445388057171,0.009369438693495795,0.04499413015973594,0.022638340987418133,0.006500613187373363
0.009494565269022294,0.009611684204338132,0.006070911076472894,0.0026028811610090755,0.0021507904626896323,0.004835702532410059,0.003702463910836701,0.004679838785908001,0.009382019914206206
0.029446474213050956,0.034536374246526814,0.012970214501932162,0.006990575470210261,0.012086339713765633,0.005819639543154665,0.03942861355169255,0.03216030082362526,0.02815157732626316
0.018039476078672335,0.019227733924853597,0.010509344571654925,0.0023275900145184724,0.007478977106032955,0.01157323380439878,0.011440084430519897,0.021669689892477955,0.006665500962572644
0.010006268962781404,0.019042360395395825,0.025305462913000933,0.011835462705182622,0.009533428053463749,0.006751250156142103,0.005633983340256843,0.023200971124022786,0.020962537487868516
0.014977251074942851,0.014637101471946001,0.015481482540976605,0.011550326932000485,0.0025289045475421347,0.0012296405631752113,0.02732612444380762,0.02573553923983846,0.008029862620799228
0.013904930163212249,0.009623780912189383,0.01978718199776147,0.019739711975517243,0.013934007049565371,0.00645525906357725,0.0170932191361445,0.013311874059111382,0.014748264209049644
0.007937532049575131,0.010566557103820633,0.008545533070073136,0.0015327350694794857,0.00819443433489882,0.0038552308431283574,0.0037695201559565447,0.0027066855586160717,0.009432008686806291
0.0057542159499812204,0.0041418139155739294,0.005526378538276816,0.010623616292897837,0.0035841181532349753,0.0031218954704311055,0.01852125725046608,0.015655990086321243,0.010891665374299926
0.007213346271831557,0.005917677459367726,0.007330553654775782,0.0032968999463810138,0.01903842867502619,0.004127758740543194,0.022787893461084528,0.002132668073299079,0.0031153427348316488
0.0135060848988861,0.011504333990989678,0.006593100829104612,0.008603291956251194,0.0187785994025193,0.006291020339320469,0.008335830572598455,0.03497094301984864,0.01956237667177856
0.008943731501504423,0.009355898613810228,0.00953857510170996,0.012360875519979539,0.0043101957878240215,0.004565070907209849,0.010989135266069946,0.0020311927756784696,0.016971961738169828
0.004508916728886949,0.008006755711137951,0.012177499403694114,0.014966710655551003,0.012678556475327691,0.013115869610667385,0.04032361255051721,0.047618880159044474,0.01993768042012521
0.008963221553488002,0.016022552757521957,0.01684319284445517,0.007929021721514577,0.01869845221840402,0.009341692796990512,0.01889923045925011,0.02927491490101978,0.010900374311562345
0.01038468027608249,0.007550151197237637,0.005460152715391113,0.004875623469155314,0.008472008548511238,0.00808481007611968,0.007860214615519173,0.008259125727313124,0.003484568597840598
0.005949457259064923,0.008579410450253507,0.007719886368173017,0.011992690113926311,0.007931895339571785,0.007301706951195012,0.009410775658945556,0.03073884858842411,0.011625814188340454
0.010482559486833055,0.0034670075050689084,0.005787005710486668,0.0053667249196366505,0.00883845793620344,0.007136466733948496,0.008821032800072895,0.020098450564318384,0.007923689619342436
0.0045200134052640435,0.007621734332120866,0.0069241828537972665,0.0040780328825775446,0.007863773371997307,0.00728312314719158,0.009085618847353085,0.011570712463696025,0.003273613464067793
0.009951844129104954,0.017641692074686587,0.00940135440412462,0.003050313159225121,0.005015307039004224,0.005808499505821271,0.004486816633591148,0.037436882228594474,0.008901632192129931
0.009691393434735797,0.006619490147380058,0.006099880040924263,0.008315456083910983,0.007620360977417164,0.015860673727055605,0.004413674461252242,0.03292685016453103,0.030832387360893786
0.013345468459163408,0.011578848135984556,0.011470372071338853,0.010130707095889846,0.006984190153300595,0.015899415253705352,0.011050417653503017,0.012481698696065689,0.008153232946052412
0.01212175147475754,0.01017181870821881,0.023234739871646044,0.006011404077609726,0.02725914975572113,0.01814254490365287,0.029747764912515767,0.04799944400174577,0.010202980772880912
0.025003158539259114,0.03338138504625979,0.0415582303210163,0.006490845312247335,0.026441834612929392,0.006314848293108263,0.025064319225018734,0.005796390025773462,0.011378995937389768
0.023328700126492935,0.024441447599332845,0.012076586788004096,0.011171526597820546,0.011621410923332309,0.014322589040802759,0.0021752682192976492,0.00928522949247045,0.012500759383908515
0.00796493747899512,0.0071277254250207926,0.0066271383862357485,0.001028601995930072,0.005237821531690959,0.003806652879897844,0.006057307907639872,0.0038667675302702697,0.005896266424012956
0.007116553884648653,0.014445085981225847,0.0038379847792165064,0.00826411070547463,0.008898433211258565,0.005720267570604163,0.0030674676952126127,0.007054659766865423,0.019229052134923045
0.025726232804159182,0.02543818292253213,0.020718543812855768,0.002608935556136211,0.009398196079784626,0.0020189015019280248,0.0038103320546324137,0.024066246616000687,0.009613572789312826
0.008436803520579489,0.008827629419081344,0.006142106512935254,0.022185125894268735,0.007749416724497344,0.004732296544182697,0.029949380061006187,0.004873984447257838,0.005411209473277746
0.009697478651478426,0.00880611587190474,0.007289280515421379,0.00820137630664566,0.015555706713910255,0.005478845094072706,0.02535178473315063,0.004635870157618877,0.006719370906855376
0.005398004079450481,0.007092223615906416,0.0053314749469255155,0.0005274341441058307,0.008476138372978474,0.005257863757956903,0.007454837093876053,0.005101596452662547,0.01292066405070171
0.01404475196991392,0.015163864796287604,0.01079824335112474,0.014523677295102727,0.006272305154820947,0.008695824127587405,0.028842727434190456,0.025746824527073765,0.009002835225464948
0.01266169489727359,0.009900470456404936,0.00897495062422557,0.004739404040802251,0.006122172551475966,0.008732524142884324,0.011052009561431035,0.018682468217951487,0.010948577517947524
0.014047268101448612,0.012249783067768267,0.011481899223122687,0.010716751084032807,0.004252347220121752,0.007071634691974228,0.01901784470151446,0.012062145937902112,0.003878062377409684
0.008695439358009144,0.012228310046059333,0.015464695468395854,0.013282244401133264,0.006213447727861113,0.006476585504802387,0.014593761704102462,0.044641674285217384,0.008602711786540934
0.013644675247139543,0.014205877795496034,0.013032288615953059,0.005437567264196006,0.007008661299808006,0.0019186520723155657,0.012208294556025056,0.056845619605078695,0.020178653650363674
0.007114629046227046,0.007882049499413533,0.010627922345917805,0.01885398712079018,0.0012354679291997305,0.023363955670174855,0.02911430390783509,0.0210435169532632,0.004209805528449941
0.008578083069322638,0.005244192913675811,0.0014679787905556387,0.001705527620029051,0.009269191600989244,0.01717293007859601,0.007805968202576556,0.05141875895778743,0.019066476984657615
0.0037646112931101535,0.0012189165314692315,0.0024072540043116306,0.009139118780919471,0.023682227746663464,0.007539424822730175,0.011187715426392424,0.004814983242374832,0.0017870886664050531
0.0010745337214737517,0.0014747100266834757,0.004343092118816868,0.008944612189093728,0.008251628813291261,0.002312405291933926,0.011373628960802823,0.01978013621847337,0.011102214527741365
0.010818298587969136,0.006135638937123513,0.0009659047342578316,0.00912383397243695,0.006756767115612216,0.007838421040570802,0.012428863395338604,0.02923409723179654,0.028681865880972907
0.0031606004287090253,0.002369078093781255,0.002262990891146946,0.004071112225112054,0.013504851318278995,0.010708321236756446,0.010553576027701706,0.04219671256592161,0.005650927821539665
0.013714266613775072,0.009853908447926368,0.006283479921546072,0.015344060122297122,0.014311444281711742,0.008119487202993771,0.010567081810912534,0.009448606552375548,0.008633621023317004
0.012013326317357723,0.00422500268274529,0.026782880308353057,0.016255341750194562,0.005402871572374008,0.006955751002507632,0.02130041729962779,0.00519417614474824,0.016433405164712804
0.008577588907444492,0.004281021040550241,0.026233364144537974,0.014659676647396737,0.009733993568229364,0.003559591001890104,0.000674757171592903,0.0241129643128035,0.017511471664682466
0.012238011965557728,0.010741536475019662,0.01170177239963763,0.002216646271855138,0.004083041265575157,0.009481870682759698,0.010036911200181511,0.0018161704216450823,0.008794783366538073
0.005278770306470975,0.005348203696736971,0.0015015536998198473,0.008698483444457044,0.008542437745102851,0.008276864225676627,0.013102870745933597,0.029053807014891495,0.027850006283172465
0.006265160086179934,0.005750045216470429,0.004850785986285626,0.003958536613593558,0.0063983645494501175,0.023119368738110126,0.020740628053963928,0.007307638060428154,0.033930320754880776
0.004353238067019212,0.006004419737505659,0.0045509314974046386,0.007391046108994247,0.012790678689777143,0.00890262955568324,0.013693279733236037,0.04182300422512064,0.004675346284528227
0.0021803162466509907,0.0010611882075438784,0.0019343978742580876,0.009540877575658005,0.004648861658941987,0.0007181162053894397,0.014411299935601751,0.007370818419173454,0.012807111577788192
0.024955459193038276,0.03292447583062467,0.026111147485050022,0.015328682070072415,0.01368421372402953,0.014904074453396862,0.03876892253844472,0.02919561934118137,0.007553665131349599
0.03600547274571698,0.024327217525631554,0.014209921004540152,0.009945482759762468,0.009504183869519331,0.011284596230140193,0.02824916043005331,0.06923046799012574,0.03685251486974873
0.006741477949821579,0.014908162764830521,0.0026169784040780283,0.003795331456633992,0.01419127308821998,0.00941720482259257,0.016243818639246104,0.006384964660129726,0.004771823646339535
0.0059902433216637106,0.0067527125936467465,0.032568189361895775,0.008919955255421582,0.016475405701885677,0.008798169868398438,0.015509814105404779,0.006522829263640164,0.01010122617110288
0.004402842135852422,0.011128212667472399,0.005200771610374759,0.011320674821060623,0.01258084917353692,0.008218107819327908,0.02236131586714274,0.013763349592121844,0.004491065539935762
0.00539850964273898,0.015394232264250594,0.03564585215893492,0.014453039314836111,0.017938098444784518,0.01236722997363131,0.008087523196441942,0.02592351493807516,0.007072972911960561
0.008201017741795134,0.0065772313087455805,0.0027103937536552816,0.009116554453977022,0.00832860376359342,0.0036432526037042316,0.03839854185971477,0.07495865102519608,0.02209521419963311
0.007150282843247539,0.0078029297750888404,0.006290550983414599,0.00514241351839751,0.0012366597214946045,0.0018868064788215798,0.009899727481340926,0.02073283654295168,0.015291705098578212
0.004783044458618988,0.0033596808668667983,0.0020939976980260053,0.014680844959451154,0.010305847194853609,0.006461892752707739,0.003801558619340507,0.016971147034468583,0.02146736469729912
0.005772247667524838,0.008749280409818622,0.009236042119110655,0.0149138801996132,0.013931008660708252,0.013879598939985803,0.01283893714152369,0.03204778853371943,0.00801763575547864
0.004772998812290069,0.005179814515417842,0.0029792563847762838,0.007093003338000564,0.0028889364926604623,0.01647770552991881,0.005507814601055492,0.020403715377083315,0.012830183395405153
0.003889037459598481,0.00401140826524213,0.008834266356824204,0.00905963580946713,0.003403722271273177,0.01074662486510081,0.007300837032580451,0.020842374451651432,0.00993218604320282
0.0019160542598797698,0.0029309353264325233,0.002150713336383254,0.01128644566939775,0.01177771953872438,0.00657065639723541,0.014119892234889691,0.027122809533700512,0.007038381367577449
0.01320502853186207,0.015588522052076574,0.017263625292522723,0.018073310460268065,0.008829714976060167,0.009804282780652875,0.022450259010746855,0.012959898695960568,0.008018390929333194
0.01019292896013366,0.008538521611044816,0.003957970736556603,0.012329754771896283,0.013807987011281305,0.011843889791403068,0.00556369491541607,0.014805785395901378,0.008001823432220504
0.00600652163346371,0.005062395146548833,0.0057710758616851396,0.007733265433705131,0.005625343990578866,0.008244798148059703,0.00789873590747071,0.003675238135857353,0.0057064710902110976
0.01296527275877784,0.0130919454739985,0.013091673755105745,0.008852185257219812,0.0051628453760471215,0.004645772874427422,0.006121766725479569,0.006443784301250379,0.011966363919252168
0.002367855810246904,0.0037676965502208446,0.01077061535271245,0.004787990157233824,0.0006127984369109012,0.021784745835228783,0.004092516653423992,0.026227478955606707,0.013580871641503667
0.0051941623720447045,0.006631241596621941,0.007005015474851284,0.010546117946808252,0.010612479096325733,0.00420345856928035,0.011271986943420489,0.01954183190473855,0.02041309267013755
0.0023967992578076336,0.0022846785327649104,0.0016595007789538773,0.0013157482872511702,0.0037651268119358243,0.0038472486012614566,0.004615248103941393,0.007940314083468975,0.022848315833560704
0.002399828072799826,0.0023948843249076727,0.0020246330414726223,0.010910332636793245,0.011227811473119347,0.00811195010957812,0.008754071849570869,0.015124427985664447,0.0007349030867402273
0.00369258845119887,0.0007848820870579125,0.003337598928776721,0.007640267099945351,0.007218685410968237,0.0017890209130297348,0.013741045141004259,0.01665038221216881,0.016335387074358925
0.00964689175638248,0.01608394359974932,0.016097549137776848,0.011265989158324873,0.008294097431723275,0.017415682856173238,0.008011975203852328,0.0031487948788073753,0.005704755545051128
0.013806347067199905,0.013616790126143809,0.011333087971185783,0.010522320365846103,0.008974112751841002,0.002831560805476257,0.019023226300433894,0.024801780686009644,0.006977283538702495
0.003689405270597298,0.0012388376982691088,0.0014874339808578247,0.010191785054703051,0.010697934940821165,0.014280584499725428,0.029484209993972662,0.027735701801735648,0.0026630699428760725
0.009940934354696243,0.010165022878449422,0.012572817683453925,0.0068741315099334855,0.006389139975531159,0.001964088512098592,0.0019546342136428484,0.01097192193929917,0.01716304963290574
0.005150367505454418,0.007138596832328424,0.009896529436042278,0.0099923428499819,0.01954355222357429,0.019148527899733103,0.014691006306489457,0.016777348978814745,0.004394509688159923
0.0015252641318517547,0.001964990460369754,0.007233124828710049,0.006265828496457214,0.004480919496275669,0.0035684208646178006,0.008686818903520905,0.02920285122178694,0.019957759987207592
0.006058408032516766,0.006353025034683859,0.011644951384918924,0.005466313474847913,0.010653582916844052,0.00824512786357971,0.009178666899324714,0.020364875604680248,0.019289168875717418
0.011885017369023854,0.011721260281168839,0.007823937736325885,0.015143974839343752,0.0022568121075633033,0.0036924379272435808,0.01329866265525262,0.035800328042878284,0.03410646159679805
0.019150954562985024,0.015815375337779238,0.010970277797288984,0.010536590561215286,0.00709291424373524,0.002377272220429579,0.0034672734990668095,0.007541980022836967,0.0069908404730360555
0.016882311929955568,0.017134306499692123,0.01621985093749083,0.0038391193768289064,0.00765248525252678,0.01242488753205129,0.02192586875499999,0.017916946447803207,0.006159205216580439
0.008272533250545557,0.0065090801446000155,0.004163796037183458,0.0034707070638347855,0.0029347798461533013,0.00031734397161523975,0.013204261403549128,0.03322306104464968,0.012414437251635657
0.021494171803329767,0.02260710701964767,0.017603069271146365,0.012905052333148509,0.005292052252911581,0.0031351264270828546,0.0042988732027903955,0.006946171897351139,0.010769850159633197
0.002669372286126378,0.006555432191943766,0.008527271720217064,0.01600946196687408,0.003820296855152411,0.003639218118097697,0.008710782262923756,0.025999515601113014,0.004341347836481543
0.005785514761606666,0.003908631075819356,0.006152933706841014,0.010501186343998598,0.009379461591280388,0.014783213245681028,0.007992403606734942,0.027229008933504235,0.020962006945586163
0.007354769523106441,0.006365034311013194,0.007526514354490919,0.01395432757364884,0.009211461086559779,0.005728359267214888,0.00798603479336041,0.006720672289710684,0.0035413298295412484
0.009527220611002737,0.008841493039430272,0.009458317893230601,0.010459878189623236,0.004773065106513752,0.0025836703772478408,0.01255800614976059,0.010172003558800699,0.003171985679175631
0.007879222685488962,0.002340761984530513,0.0070500576803259885,0.006181901635143985,0.003892787065911139,0.031101671311080034,0.009804609098253897,0.014269064064044584,0.008988819758688635
0.002394875004528582,0.005249647795776151,0.007370807016913412,0.011289059072224316,0.023435083372730564,0.015914901885285434,0.002156026729582906,0.01871267667621578,0.012979944131200767
0.002349578399825884,0.0018886254184278858,0.0050761126361788065,0.00499965590222279,0.008778937122185837,0.00977593187333034,0.006126614311497543,0.025013307607233276,0.0029828276593067723
0.005396467204568461,0.009220654969683748,0.007705935385014478,0.00363285204733801,0.02316663355798385,0.005499162887775934,0.01042908236511717,0.01642359602711919,0.013287940824687266
0.009921502335410864,0.01154190921503798,0.009437905373922915,0.009378809680993682,0.008278488706346874,0.00739623069864925,0.01959722962657889,0.0038156411717889366,0.01352287782436069
0.0034586499376703527,0.006960182234964531,0.009616135088160869,0.015010499417907325,0.003593524391086872,0.00437943584625056,0.016021513870827345,0.025734965924554903,0.014612066002368654
0.01295935863595616,0.011687923533853381,0.013173106765776543,0.0066121399325419295,0.004350414777405588,0.007938635713680656,0.010177443702411375,0.029467834086535624,0.012694947711049677
0.004540709447292493,0.003623250241554284,0.0057275216691362995,0.0030339941846232897,0.011183758396829583,0.012037607343179981,0.00427610876931776,0.009139360878217042,0.005774945523571003
0.0041139501979299675,0.006981450716563541,0.005121022164383637,0.005367684144425617,0.010453203888195466,0.0196622077769872,0.006679361669156921,0.00963099177898017,0.010536303759339715
0.009555893632065951,0.014032898664481501,0.01718882973712395,0.008470651667775966,0.0047598382813035895,0.013009594990641487,0.01422640975168852,0.02400371436676064,0.009761868920558489
0.007921270164338811,0.007471486074274836,0.0058624822640145685,0.0027822828648858752,0.0031713062909784653,0.004519543400729726,0.006594544547150721,0.011107449708547067,0.0029444589794415557
0.005549119635010428,0.0038128355650282565,0.007530712367680096,0.0070455521222279344,0.011251972508622829,0.006812378807059196,0.01396257508188769,0.004916936629000366,0.017187922109169206
0.0067027943615288015,0.008725583306665226,0.009732572614088655,0.009049816089018158,0.0063681424854271544,0.012480865708209802,0.010319947545379102,0.017862734445210582,0.005533135807689652
0.0071376010586794315,0.007390883099434781,0.001684172685236448,0.0037147028802527898,0.00493163890128844,0.0024496714340103897,0.0012901915659458275,0.017528346828497892,0.0004825979688044112
0.0061177392895187515,0.004993740378291004,0.00565868800224932,0.017426778680792638,0.00963997403954938,0.011705483966893656,0.006640994244707361,0.008576885444853638,0.003440468117341558
0.0013825830645139167,0.0011354193177818878,0.0033938209106133114,0.024746644051148934,0.004434336518712961,0.002051155313538002,0.009044041059400163,0.008693743003884133,0.004056832468381587
0.003787131617572977,0.0037851735544539057,0.00567842670887406,0.02412643866773534,0.011695889810906284,0.010055704087960063,0.02149665284410817,0.013145238141439902,0.0006375797418874477
0.007566059410855051,0.011345912453230467,0.01014573920565159,0.0019098637951884797,0.003125876339967655,0.002923636917601538,0.011020376647761444,0.016163346686604286,0.013827582257466591
0.007825781366739252,0.010982554868243406,0.011284338508240186,0.02383892444169448,0.02780329710811161,0.028890989855815244,0.05011817987552126,0.06340402008329034,0.03834368529846431
0.011117520149625545,0.012584008801602452,0.009878088039255337,0.016179585331869147,0.007358300122720111,0.0018529742960462765,0.011860417035094613,0.016867707386219757,0.0020298395433870687
0.003360781810851551,0.004668392745105639,0.004227499332219528,0.019240096014411345,0.006208933470136794,0.015233125529101776,0.010667407673379896,0.03515191908855931,0.018569421771710056
0.0012990017374298354,0.0015643121601609902,0.0029789275879949107,0.013644832472297964,0.005396600012661082,0.0018551289926772973,0.012757325794723202,0.00902468836371113,0.006364088171834656
0.00300561301452231,0.005316871375356913,0.007190556716450261,0.0017536387903544946,0.0011332712518340186,0.0007211491561529181,0.011180757455037535,0.0016934060318291963,0.003859354906472517
0.00551151419790775,0.004762619139243785,0.007978191948347998,0.008733709472972858,0.006879543483553341,0.006059153787416575,0.0060670143787484474,0.014316169544498011,0.011380412110600518
0.007466036586619914,0.007956321347416185,0.005898060362620134,0.0081583503162767,0.008875871823846934,0.004566520955778632,0.008783545533556762,0.003156074364667923,0.007092612980740618
0.006139103262400396,0.0067776863592467415,0.008108587821885617,0.005715908726967438,0.006333652144636327,0.012507743254033872,0.0038882470929404818,0.010636503575830762,0.014696922947692903
0.003754205619428716,0.003137253497621579,0.0028886977738472354,0.006174531012792309,0.007238096869881271,0.011198330310333293,0.0067365593679085765,0.012189570361844228,0.00047471393869698194
0.015250217274111185,0.017034303496143495,0.01571149640592727,0.0034873526077281894,0.005434591000531574,0.00237878127419789,0.0041967060602960855,0.004817989956936295,0.003055752453568051
0.05022708672956581,0.0054534594149254195,0.005273324928595062,0.00913299122670876,0.013732767198629694,0.006039886368852526,0.01993788209074356,0.02656945305061263,0.005074089346103665
0.05516227800299234,0.017563519146389605,0.01984358982298308,0.00175482552812853,0.001544427946796307,0.005238352299534625,0.002422384475673377,0.028767102950595508,0.01589181024015276
0.05465350943559974,0.016218981152919296,0.01318433417195995,0.010552847678395066,0.008626042358436356,0.0025287780896506274,0.037199615491737725,0.0037311303926885636,0.016878474950527834
0.04653013028913363,0.01728330228984366,0.011035922339912237,0.0037808550150430563,0.0014062386956869434,0.0009566754607247504,0.00906220944682323,0.007954746633107253,0.009003948295799208
0.003243436835020344,0.003357216904616592,0.0015013782629699887,0.00791014551862289,0.0027403246113692874,0.0013850172521314955,0.007724626668902552,0.0028363732190201077,0.00619882539340578
0.014319237245624953,0.015662207327561142,0.014263571001101207,0.01650766793317457,0.009081165267051446,0.0037016917329124907,0.023507961921731255,0.012618425999768161,0.002021350641055547
0.05636812753921743,0.011752082890602006,0.014368152593490419,0.008387637984861225,0.009009628221818415,0.0030487604381433074,0.029173733665546476,0.001432802925088131,0.01112372039244685
0.05813677116999796,0.007967957476020384,0.0141204680154045,0.011911807022363937,0.00447747210612071,0.007966224893303907,0.011170369498276225,0.009072353430140836,0.022699734714509166
0.011064193854587113,0.016235155552417783,0.019477681414933848,0.011106597058950824,0.011919034682493843,0.0040222737651599404,0.028519221785053905,0.0429493296542984,0.01650975594586041
0.01383991557198501,0.01692759213003491,0.012978898507401714,0.0035453476466141467,0.005945568915404025,0.015349376042120737,0.021491866368787804,0.032431017660623035,0.007620600466264516
0.002245075107035045,0.0034228248342837273,0.002405511843568312,0.005949262158835397,0.0049547622126227256,0.007206032596401938,0.006165526098881562,0.007899043796816429,0.002788883867032544
0.003675858802588469,0.0017741657270890247,0.0024895473543131135,0.017285757498227635,0.011399859611955967,0.015271762000860526,0.008740999247755506,0.004910520971891524,0.0053852060114726735
0.007802162831830579,0.009155877978054837,0.008941592227146787,0.015628416703674743,0.008386942218629394,0.0046305211574130195,0.0031110911553044202,0.027415231694289152,0.009405822813899123
0.0029656393372574667,0.004080297225929166,0.008123759461880634,0.012315846029102536,0.007915140883682613,0.0030182143733424108,0.019144171854269705,0.014818652297826277,0.004490537392181151
0.008270653870333098,0.010431031625994604,0.008404614909986391,0.004895354234993112,0.006258509504560943,0.001277978787706173,0.009988077799666931,0.006612431344100607,0.005706577963114087
0.006627487069864429,0.007805894305258041,0.0044640934653453505,0.006955241660817792,0.0016702665575429093,0.0025870813121430347,0.003091834411656559,0.0027917909375094452,0.008843494801191735
0.04096209229872901,0.005856356953803672,0.0029908171948323002,0.003955165588061871,0.0021321498463620415,0.0004619297025835625,0.009089644174614627,0.009614349329833733,0.01659335007071091
0.048082933593647924,0.0020645010019946534,0.006653769421277036,0.004063836797608204,0.004805127747206304,0.002901831063678933,0.006387320009278721,0.01652134367063325,0.004145123567007509
0.04498090000814529,0.013154439361733529,0.012190156810678823,0.0055144699808652225,0.009780422688463406,0.009218727551102148,0.006862065946983043,0.009596317345093738,0.0069626680878303315
0.04871623238731388,0.0031843046373469766,0.004606278494360741,0.0141667432934443,0.0066475770986747715,0.016543750038733266,0.033617164682874234,0.0012229222489255195,0.01077122919889553
0.048534099061902446,0.008467203842009365,0.00173517385685307,0.005890924390471088,0.0030502261981991984,0.00817298928821778,0.009265555477885842,0.00849432751060257,0.0061321516767454416
0.012016047840909079,0.01048275696422282,0.007478650923856114,0.00791365748944742,0.0035270986524756154,0.0022072860901253474,0.02357503758093237,0.005940787754716841,0.0029964261509214953
0.04952407537365369,0.010739564238556617,0.01000452003830531,0.007287084578216365,0.003131851099566523,0.0021921863341173822,0.01931034948574862,0.011921295710879947,0.008952642809550042
0.011288937928342858,0.011879109803624215,0.007156684061717237,0.012825273575246923,0.0092980149552832,0.004954766069100218,0.005779106869752745,0.007974274013247485,0.00892752769921842
0.013242385846699612,0.019112216494780808,0.018931350901373746,0.009685167304927593,0.009150493488440686,0.006519778388851214,0.02188658308978364,0.011835575377817462,0.005504308675096157
0.003636102867878666,0.0066437398374936734,0.011580616989473422,0.012613604229591747,0.007174377194210357,0.0005847886694575449,0.018001507750596293,0.007418526384224917,0.007195669364554829
0.0049470884054478295,0.0016871637006004962,0.00274655523778105,0.007517441948602214,0.014270592737056578,0.004448603608651905,0.041487403086789776,0.01893252034076824,0.006210199086219221
0.00417887374166636,0.008739845439442792,0.006452805786359501,0.0036453720443747305,0.006735343508999341,0.0043222061659565335,0.006880598885527673,0.009932770152977149,0.0010631136255483617
0.03132829062568909,0.013045674231885645,0.0066561262221440706,0.006366067712584335,0.002235186024667207,0.004236726318586292,0.014171605684263006,0.014386130060439845,0.0030873238879972824
0.009350043371281456,0.00868805417621909,0.006829380744319388,0.005722356337439918,0.004317924575042388,0.0066835107083139484,0.03336877735807867,0.020077114912908037,0.00745180671508412
0.0038598334596524728,0.002791567267618777,0.00293254713143153,0.0030139442166197,0.004448287425032813,0.00856547365926317,0.023228163278351345,0.013337125627504448,0.013017905508014415
0.0341310507846865,0.009095175065104625,0.006468333696109999,0.0034253568226190576,0.006116200047091212,0.006818846688932235,0.011577622001036434,0.012242002038429258,0.005990409515229438
0.014463531019294477,0.0220209222947769,0.018379109274392316,0.01998176215011626,0.004928513153062922,0.011835336968916064,0.015344080586106089,0.020514141829001565,0.0017126868187596366
0.005925918430938847,0.005704750563317434,0.0068087949866650725,0.008924201345849524,0.0062522371869731,0.007069359532429234,0.0140458409807229,0.008674605259531799,0.0057309769560965566
0.01955824538766803,0.03026206927232056,0.027207993973486548,0.014193236414981004,0.024171569952619505,0.004785335789463549,0.008414302922672132,0.005159939003969588,0.01463295480467579
0.043871571896795226,0.0054917087897823165,0.008853811745003841,0.0031067565848408732,0.0034187112125326894,0.004084715966312753,0.010997522726822011,0.003859675318003239,0.0024450909992465237
0.05418924671022549,0.018813443015742202,0.013228668640281195,0.007431790860453836,0.018997511406189393,0.024383281193358315,0.011807640337140593,0.005003094495643908,0.005927317703929179
0.03959169192768594,0.012317751813612046,0.009411949015119716,0.0045032696013378535,0.0023073799166758676,0.010306995250289545,0.0050562234127381365,0.006293017902118421,0.009253769029253015
0.04289275461098647,0.012479358951564877,0.011474826131216273,0.0022429290233996545,0.005084534408110808,0.005299505160853745,0.009486903483991761,0.022616024453243976,0.020644348493011656
0.005079948138163478,0.005179771734826521,0.0040463471625341325,0.005805461100505301,0.021256489985870666,0.005200388847212792,0.01473117619301085,0.016093983672128075,0.006617942061416951
0.005242187929911564,0.004966327459154352,0.004580665876044534,0.0040865173728366795,0.005194265040178177,0.0006895651488524214,0.0015700896258393077,0.011887501179535792,0.012417887997172231
0.002522763127637835,0.0034693761505791435,0.009193626565854766,0.003635314656157254,0.002846884066013581,0.005644559464378463,0.010237082524578459,0.006696335906676711,0.009346633246284338
0.0004175888903544265,0.004165480298001275,0.0009672630285376418,0.006563899933745828,0.006037806131449781,0.007696888019955338,0.0031712725086968973,0.005438939685251091,0.0074611899825124135
0.003721605409558829,0.003447406753511364,0.002507127246485644,0.007739307242683918,0.0105567896217806,0.0067042915947055064,0.008947443137752344,0.006076011149863717,0.002961883958059897
0.005040384764053386,0.009118280278542794,0.014331327993585434,0.002172302455613022,0.021990223433008785,0.014509869585867242,0.003011208663621915,0.011753019858612398,0.005554588539571724
0.012054262518943102,0.016014277391565024,0.01610870636482064,0.0061516269988656285,0.0056148197068140344,0.007420262088933852,0.0027014408248158114,0.01612256273970289,0.008738058795922887
0.014532391507699983,0.015918841143104677,0.012130916563237995,0.010747565826243045,0.012012134666140232,0.008472116371000872,0.01640218186005496,0.02645263676337053,0.02496250934769686
0.007250126033444254,0.0070880233793116,0.005683221158702617,0.009770070345203273,0.0034590763285259588,0.001776562863545358,0.009914968549966503,0.012437254073996646,0.02346549801878282
0.0026761460379848873,0.0061767543361461955,0.007546057944198889,0.020354363571964913,0.01113870188291257,0.00014607236919480954,0.011027889457965715,0.0031674024997838464,0.009984187344703674
0.00871272072886398,0.007665091422774111,0.007937201678921193,0.003051267746763373,0.0074660344672288406,0.010384564817673336,0.004455493063268859,0.01271224807235202,0.007498273389020544
0.0028642850154630166,0.0019726660680343365,0.003449606484102519,0.004564701734671953,0.012473927896104376,0.0131133677945318,0.013693555866106254,0.0049484013735862425,0.006224829643124876
0.011812505691346797,0.01637887281898117,0.012973848550315211,0.0035864360614803947,0.004281216511761472,0.007513222895995238,0.0034988656612950455,0.019710862790283473,0.005521014562358165
0.008709644470183716,0.011058435997517442,0.006749992705060318,0.010566272278899806,0.0042051415780712965,0.00651178972626235,0.014906216719861571,0.008819238318834589,0.013910949286624293
